id,이름,나이,거주지
1,멤버1,test age,test address
2,멤버2,test age,test address
3,멤버3,test age,test address
4,멤버4,test age,test address
5,멤버5,test age,test address
6,멤버6,test age,test address
7,멤버7,test age,test address
8,멤버8,test age,test address
9,멤버9,test age,test address
10,멤버10,test age,test address
11,멤버1,test age,test address
12,멤버2,test age,test address
13,멤버3,test age,test address
14,멤버4,test age,test address
15,멤버5,test age,test address
16,멤버6,test age,test address
17,멤버7,test age,test address
18,멤버8,test age,test address
19,멤버9,test age,test address
20,멤버10,test age,test address
21,멤버1,test age,test address
22,멤버2,test age,test address
23,멤버3,test age,test address
24,멤버4,test age,test address
25,멤버5,test age,test address
26,멤버6,test age,test address
27,멤버7,test age,test address
28,멤버8,test age,test address
29,멤버9,test age,test address
30,멤버10,test age,test address
31,멤버1,test age,test address
32,멤버2,test age,test address
33,멤버3,test age,test address
34,멤버4,test age,test address
35,멤버5,test age,test address
36,멤버6,test age,test address
37,멤버7,test age,test address
38,멤버8,test age,test address
39,멤버9,test age,test address
40,멤버10,test age,test address
41,멤버1,test age,test address
42,멤버2,test age,test address
43,멤버3,test age,test address
44,멤버4,test age,test address
45,멤버5,test age,test address
46,멤버6,test age,test address
47,멤버7,test age,test address
48,멤버8,test age,test address
49,멤버9,test age,test address
50,멤버10,test age,test address
51,멤버1,test age,test address
52,멤버2,test age,test address
53,멤버3,test age,test address
54,멤버4,test age,test address
55,멤버5,test age,test address
56,멤버6,test age,test address
57,멤버7,test age,test address
58,멤버8,test age,test address
59,멤버9,test age,test address
60,멤버10,test age,test address
61,멤버1,test age,test address
62,멤버2,test age,test address
63,멤버3,test age,test address
64,멤버4,test age,test address
65,멤버5,test age,test address
66,멤버6,test age,test address
67,멤버7,test age,test address
68,멤버8,test age,test address
69,멤버9,test age,test address
70,멤버10,test age,test address
71,멤버1,test age,test address
72,멤버2,test age,test address
73,멤버3,test age,test address
74,멤버4,test age,test address
75,멤버5,test age,test address
76,멤버6,test age,test address
77,멤버7,test age,test address
78,멤버8,test age,test address
79,멤버9,test age,test address
80,멤버10,test age,test address
81,멤버1,test age,test address
82,멤버2,test age,test address
83,멤버3,test age,test address
84,멤버4,test age,test address
85,멤버5,test age,test address
86,멤버6,test age,test address
87,멤버7,test age,test address
88,멤버8,test age,test address
89,멤버9,test age,test address
90,멤버10,test age,test address
91,멤버1,test age,test address
92,멤버2,test age,test address
93,멤버3,test age,test address
94,멤버4,test age,test address
95,멤버5,test age,test address
96,멤버6,test age,test address
97,멤버7,test age,test address
98,멤버8,test age,test address
99,멤버9,test age,test address
100,멤버10,test age,test address
---------------
